# Open boundary nodes (lon,lat, EPSG:4326) designed by notebooks/444_design_obc.py
# from tokyo_bay_enshu_obc_design.yaml; 193 nodes, 625.7 km.
lon,lat
137.945800,34.667385
137.944382,34.640383
137.942965,34.613381
137.941548,34.586378
137.940130,34.559376
137.938714,34.532373
137.937297,34.505370
137.935881,34.478368
137.934465,34.451365
137.933049,34.424362
137.931633,34.397359
137.930218,34.370356
137.928803,34.343353
137.927388,34.316350
137.925973,34.289346
137.924558,34.262343
137.923144,34.235340
137.921730,34.208336
137.920316,34.181333
137.918903,34.154329
137.917489,34.127325
137.916076,34.100322
137.914663,34.073318
137.913251,34.046314
137.911838,34.019310
137.910426,33.992306
137.909014,33.965302
137.907602,33.938298
137.906146,33.910454
137.904667,33.882147
137.903224,33.854536
137.901813,33.827532
137.901285,33.800511
137.903419,33.770934
137.909086,33.738858
137.918661,33.706042
137.931508,33.674818
137.948419,33.643523
137.969714,33.612452
137.994538,33.583435
138.022455,33.556732
138.052322,33.533157
138.081335,33.514118
138.108248,33.499213
138.136379,33.485985
138.165642,33.474616
138.195806,33.465052
138.229900,33.456766
138.267752,33.450444
138.309050,33.446867
138.350921,33.446628
138.391214,33.449487
138.430022,33.453152
138.466892,33.456622
138.506597,33.460347
138.546541,33.464082
138.585965,33.467754
138.624784,33.471358
138.662788,33.474875
138.700347,33.478338
138.738208,33.481818
138.774614,33.485152
138.808953,33.488288
138.841940,33.491290
138.874623,33.494257
138.906717,33.497161
138.938814,33.500057
138.970913,33.502945
139.003015,33.505824
139.035120,33.508696
139.067227,33.511559
139.099337,33.514413
139.131449,33.517260
139.163564,33.520098
139.195681,33.522928
139.227801,33.525750
139.259923,33.528564
139.292048,33.531369
139.324175,33.534166
139.356304,33.536954
139.388436,33.539735
139.420571,33.542507
139.452707,33.545271
139.484847,33.548026
139.516988,33.550773
139.549132,33.553512
139.581278,33.556243
139.613427,33.558965
139.645577,33.561679
139.677731,33.564385
139.709886,33.567083
139.742044,33.569772
139.774204,33.572453
139.806366,33.575125
139.838530,33.577789
139.870697,33.580445
139.902866,33.583093
139.935037,33.585732
139.967210,33.588363
139.999386,33.590985
140.031563,33.593600
140.063743,33.596205
140.095925,33.598803
140.128109,33.601392
140.160295,33.603973
140.192484,33.606546
140.224674,33.609110
140.256866,33.611666
140.289061,33.614213
140.321257,33.616752
140.353456,33.619283
140.385656,33.621805
140.417859,33.624319
140.450064,33.626825
140.482270,33.629322
140.514479,33.631811
140.546689,33.634292
140.578902,33.636764
140.611110,33.639278
140.643136,33.643044
140.674738,33.648798
140.705742,33.656508
140.735974,33.666132
140.765266,33.677616
140.793455,33.690897
140.820384,33.705900
140.846287,33.722815
140.871710,33.742253
140.896710,33.764751
140.920866,33.790799
140.941079,33.817026
140.958544,33.844790
140.973374,33.874261
140.985136,33.905239
140.993722,33.937778
140.998805,33.972174
141.000000,34.006692
141.000000,34.041839
141.000000,34.077433
141.000000,34.113766
141.000000,34.151625
141.000000,34.190036
141.000000,34.228479
141.000000,34.267383
141.000000,34.307097
141.000000,34.348346
141.000000,34.389002
141.000000,34.429169
141.000000,34.470170
141.000000,34.512112
141.000000,34.555774
141.000000,34.596446
141.000000,34.634977
141.000000,34.672168
141.000000,34.707911
141.000000,34.743447
141.000000,34.778210
141.000000,34.810667
141.000000,34.840280
141.000000,34.867983
141.000000,34.895036
141.000000,34.922088
141.000000,34.949141
141.000000,34.976193
141.000000,35.003246
141.000000,35.030298
141.000000,35.057350
141.000000,35.084402
141.000000,35.111454
141.000000,35.138506
140.999982,35.165557
140.997651,35.192525
140.991399,35.219068
140.981315,35.244806
140.967542,35.269367
140.950275,35.292398
140.929888,35.313654
140.908705,35.334399
140.887512,35.355141
140.866307,35.375878
140.845092,35.396612
140.823866,35.417342
140.802628,35.438068
140.781381,35.458790
140.760122,35.479509
140.738852,35.500223
140.717571,35.520934
140.696279,35.541641
140.674977,35.562344
140.653663,35.583043
140.632339,35.603738
140.611003,35.624429
140.587268,35.647430
