# Open boundary of the Tokyo Bay base mesh, lon,lat (EPSG:4326), from the
# Miura (Otsu) coast (NW) to the mid-channel corner (SE). The 13 nodes of
# goto2023's TokyoBay_obc.dat, read from TokyoBay_grd.dat (EPSG:32654) and
# converted to degrees. Mesh nodes are constrained onto this line.
lon,lat
139.6713,35.1396
139.6737,35.1288
139.6772,35.1168
139.6816,35.1031
139.6871,35.0877
139.6946,35.0705
139.7000,35.0576
139.7069,35.0445
139.7134,35.0327
139.7216,35.0184
139.7289,35.0047
139.7373,34.9916
139.7497,34.9750
